{
  "version": 1,
  "author": "mohammedminhaj",
  "editor": "wokwi",
  "parts": [
    { "type": "wokwi-arduino-uno", "id": "uno", "top": 19.8, "left": 47.4, "attrs": {} },
    { "type": "wokwi-led", "id": "led1", "top": -90, "left": 138.2, "attrs": { "color": "red" } },
    {
      "type": "wokwi-photoresistor-sensor",
      "id": "ldr1",
      "top": -54.4,
      "left": -124,
      "attrs": {}
    }
  ],
  "connections": [
    [ "led1:C", "uno:GND.1", "green", [ "v28.8", "h10" ] ],
    [ "led1:A", "uno:7", "green", [ "v48", "h76.8" ] ],
    [ "ldr1:VCC", "uno:5V", "red", [ "h67.2", "v220.8", "h86.4" ] ],
    [ "ldr1:GND", "uno:GND.1", "black", [ "h86.4", "v38", "h28.8" ] ],
    [ "ldr1:AO", "uno:A0", "green", [ "h-57.6", "v239.3", "h249.6" ] ]
  ],
  "dependencies": {}
}